{"x": -3.343782708448999, "y": -9.933404896811943}
{"x": -4.449491349678807, "y": 0.3128329024363232}
{"x": 2.0932944037861914, "y": 9.020077927499194}
{"x": 1.188676118415943, "y": -3.0944363737558334}
{"x": -3.0271233041968504, "y": 5.934079972630194}
{"x": 0.9411035569397299, "y": 5.759614893831763}
{"x": -3.3397999078516305, "y": 3.7729976935036618}
{"x": -2.07782293418039, "y": 1.2763638159287911}
{"x": -1.219655676285086, "y": -9.593455561227389}
{"x": 2.2461784863916714, "y": 6.32252537715501}
{"x": -4.672245729597706, "y": -3.3612583609872004}
{"x": -4.45144698017466, "y": 2.5106174416449196}
{"x": 2.49937716093132, "y": -7.701536065414345}
{"x": 0.2597869952301979, "y": 9.64431628885724}
{"x": -4.030678729833417, "y": -3.336894680117899}
{"x": -1.0976471017020528, "y": 6.2282679937568695}
{"x": 1.8536201641032237, "y": -1.6964155004178174}
{"x": 0.7951369922471603, "y": 5.112792872194401}
{"x": 0.48761903547625884, "y": 2.6316265261239717}
{"x": 0.4293667534240093, "y": -2.8187120424801204}
{"x": -1.6328579806056354, "y": 5.842855344785118}
{"x": 3.949455824128865, "y": 9.018381917646348}
{"x": -1.582957972192781, "y": -7.391936822729899}
{"x": 4.732591782302745, "y": -6.455092662641293}
{"x": -1.3544354051394993, "y": 8.325683364620357}
{"x": -4.5088320651684635, "y": -3.0419933471555733}
{"x": 4.705710399449167, "y": 9.410394019459726}
{"x": 2.046122506301699, "y": -1.424306987245032}
{"x": -1.7762108635025875, "y": 7.330088454196041}
{"x": -0.15612153037885435, "y": -9.222544102810229}
{"x": -1.3059058009518787, "y": -2.0902391274590464}
{"x": -0.1624003262588669, "y": 1.637605278485168}
{"x": -3.5415898921227473, "y": 9.938056823898755}
{"x": 1.2104554293336438, "y": 9.55421340590108}
{"x": 4.163993516729036, "y": -1.6452401974975643}
{"x": 2.988763640097188, "y": -9.116289221468154}
{"x": -2.5917182025885745, "y": 8.28790436835802}
{"x": 0.36136343738051213, "y": 5.3673655167602945}
{"x": -4.193186674048625, "y": -3.5046420853195626}
{"x": 4.52533968302474, "y": 8.80685115149991}
{"x": -4.816420617321046, "y": -4.7050565525694665}
{"x": -1.3849438833453975, "y": 3.0510760164182145}
{"x": -3.343546680396554, "y": -4.493701376912278}
{"x": -3.0461229268458077, "y": -9.219383157014232}
{"x": 1.186928763753098, "y": 3.772569682570751}
{"x": -1.4037022862425386, "y": 5.895100716202265}
{"x": 0.9566096076705097, "y": -5.998089685862633}
{"x": 1.2653973315998144, "y": 4.7530570219556605}
{"x": 4.463993933406936, "y": 0.873672590887967}
{"x": 3.7878897718838473, "y": -1.7963625291279488}
