{"x": -3.343782708448999, "y": -9.933404896811943, "z": -36.787728343146}
{"x": -4.449491349678807, "y": 0.3128329024363232, "z": -19.763937399220666}
{"x": 2.0932944037861914, "y": 9.020077927499194, "z": 17.4773963219011}
{"x": 1.188676118415943, "y": -3.0944363737558334, "z": -9.701692696519666}
{"x": -3.0271233041968504, "y": 5.934079972630194, "z": -4.332360967269053}
{"x": 0.9411035569397299, "y": 5.759614893831763, "z": 7.5899495941338655}
{"x": -3.3397999078516305, "y": 3.7729976935036618, "z": -9.392781020572466}
{"x": -2.07782293418039, "y": 1.2763638159287911, "z": -10.748181510983011}
{"x": -1.219655676285086, "y": -9.593455561227389, "z": -29.937849881302775}
{"x": 2.2461784863916714, "y": 6.32252537715501, "z": 12.405002056283413}
{"x": -4.672245729597706, "y": -3.3612583609872004, "z": -27.702114339838438}
{"x": -4.45144698017466, "y": 2.5106174416449196, "z": -15.229245148071191}
{"x": 2.49937716093132, "y": -7.701536065414345, "z": -14.932786439565184}
{"x": 0.2597869952301979, "y": 9.64431628885724, "z": 13.194293679082541}
{"x": -4.030678729833417, "y": -3.336894680117899, "z": -25.79256451123062}
{"x": -1.0976471017020528, "y": 6.2282679937568695, "z": 2.1317611193605948}
{"x": 1.8536201641032237, "y": -1.6964155004178174, "z": -4.655235076514857}
{"x": 0.7951369922471603, "y": 5.112792872194401, "z": 5.713715825954914}
{"x": 0.48761903547625884, "y": 2.6316265261239717, "z": -0.3528355388232682}
{"x": 0.4293667534240093, "y": -2.8187120424801204, "z": -11.334181691406528}
{"x": -1.6328579806056354, "y": 5.842855344785118, "z": -0.3735502269223932}
{"x": 3.949455824128865, "y": 9.018381917646348, "z": 22.946950648732034}
{"x": -1.582957972192781, "y": -7.391936822729899, "z": -26.48590019226149}
{"x": 4.732591782302745, "y": -6.455092662641293, "z": -5.840284104661914}
{"x": -1.3544354051394993, "y": 8.325683364620357, "z": 5.653734749423007}
{"x": -4.5088320651684635, "y": -3.0419933471555733, "z": -26.532475948981578}
{"x": 4.705710399449167, "y": 9.410394019459726, "z": 25.80493602649368}
{"x": 2.046122506301699, "y": -1.424306987245032, "z": -3.7138313875894196}
{"x": -1.7762108635025875, "y": 7.330088454196041, "z": 2.3865068840205446}
{"x": -0.15612153037885435, "y": -9.222544102810229, "z": -26.05207288144091}
{"x": -1.3059058009518787, "y": -2.0902391274590464, "z": -15.096344561677583}
{"x": -0.1624003262588669, "y": 1.637605278485168, "z": -4.280391657546857}
{"x": -3.5415898921227473, "y": 9.938056823898755, "z": 2.346991685260493}
{"x": 1.2104554293336438, "y": 9.55421340590108, "z": 15.797417886932196}
{"x": 4.163993516729036, "y": -1.6452401974975643, "z": 2.195575977940032}
{"x": 2.988763640097188, "y": -9.116289221468154, "z": -16.23265624678099}
{"x": -2.5917182025885745, "y": 8.28790436835802, "z": 1.7642970426632187}
{"x": 0.36136343738051213, "y": 5.3673655167602945, "z": 4.816934938853179}
{"x": -4.193186674048625, "y": -3.5046420853195626, "z": -26.583550356267153}
{"x": 4.52533968302474, "y": 8.80685115149991, "z": 24.13947141980092}
{"x": -4.816420617321046, "y": -4.7050565525694665, "z": -30.83857542298578}
{"x": -1.3849438833453975, "y": 3.0510760164182145, "z": -5.101166560605619}
{"x": -3.343546680396554, "y": -4.493701376912278, "z": -25.87033679021791}
{"x": -3.0461229268458077, "y": -9.219383157014232, "z": -34.69944890639849}
{"x": 1.186928763753098, "y": 3.772569682570751, "z": 4.0296091797493565}
{"x": -1.4037022862425386, "y": 5.895100716202265, "z": 0.6159326355331189}
{"x": 0.9566096076705097, "y": -5.998089685862633, "z": -16.04533708151692}
{"x": 1.2653973315998144, "y": 4.7530570219556605, "z": 6.245714673174949}
{"x": 4.463993933406936, "y": 0.873672590887967, "z": 8.129574715327138}
{"x": 3.7878897718838473, "y": -1.7963625291279488, "z": 0.8858262801384329}
{"x": -3.343782708448999, "y": -9.933404896811943, "z": -36.787728343146}
{"x": -4.449491349678807, "y": 0.3128329024363232, "z": -19.763937399220666}
{"x": 2.0932944037861914, "y": 9.020077927499194, "z": 17.4773963219011}
{"x": 1.188676118415943, "y": -3.0944363737558334, "z": -9.701692696519666}
{"x": -3.0271233041968504, "y": 5.934079972630194, "z": -4.332360967269053}
{"x": 0.9411035569397299, "y": 5.759614893831763, "z": 7.5899495941338655}
{"x": -3.3397999078516305, "y": 3.7729976935036618, "z": -9.392781020572466}
{"x": -2.07782293418039, "y": 1.2763638159287911, "z": -10.748181510983011}
{"x": -1.219655676285086, "y": -9.593455561227389, "z": -29.937849881302775}
{"x": 2.2461784863916714, "y": 6.32252537715501, "z": 12.405002056283413}
{"x": -4.672245729597706, "y": -3.3612583609872004, "z": -27.702114339838438}
{"x": -4.45144698017466, "y": 2.5106174416449196, "z": -15.229245148071191}
{"x": 2.49937716093132, "y": -7.701536065414345, "z": -14.932786439565184}
{"x": 0.2597869952301979, "y": 9.64431628885724, "z": 13.194293679082541}
{"x": -4.030678729833417, "y": -3.336894680117899, "z": -25.79256451123062}
{"x": -1.0976471017020528, "y": 6.2282679937568695, "z": 2.1317611193605948}
{"x": 1.8536201641032237, "y": -1.6964155004178174, "z": -4.655235076514857}
{"x": 0.7951369922471603, "y": 5.112792872194401, "z": 5.713715825954914}
{"x": 0.48761903547625884, "y": 2.6316265261239717, "z": -0.3528355388232682}
{"x": 0.4293667534240093, "y": -2.8187120424801204, "z": -11.334181691406528}
{"x": -1.6328579806056354, "y": 5.842855344785118, "z": -0.3735502269223932}
{"x": 3.949455824128865, "y": 9.018381917646348, "z": 22.946950648732034}
{"x": -1.582957972192781, "y": -7.391936822729899, "z": -26.48590019226149}
{"x": 4.732591782302745, "y": -6.455092662641293, "z": -5.840284104661914}
{"x": -1.3544354051394993, "y": 8.325683364620357, "z": 5.653734749423007}
